{
    "metadata": {
        "version": 3,
        "type": "Geometry",
        "vertices": 78,
        "generator": "io_three",
        "normals": 66,
        "faces": 64
    },
    "vertices": [3.8475189208984375,5102.2294921875,2773.876953125,299.33062744140625,5101.68017578125,2773.876953125,3.784423828125,5068.28759765625,2773.876953125,299.267578125,5067.73828125,2773.876953125,3.3255157470703125,4852.13623046875,2773.876953125,298.80865478515625,4851.5869140625,2773.876953125,3.2624130249023438,4818.1943359375,2773.876953125,298.74554443359375,4817.64501953125,2773.876953125,380.9582824707031,5092.3046875,3224.31884765625,-472.9400329589844,5093.89208984375,3262.924072265625,380.8277893066406,5022.150390625,3155.39111328125,-473.0704650878906,5023.73779296875,3155.39111328125,380.6449890136719,4923.81787109375,3156.24560546875,-473.2532653808594,4925.40478515625,3156.24560546875,380.5168151855469,4854.89501953125,3226.386962890625,-473.3813781738281,4856.482421875,3226.386962890625,484.0181579589844,5033.3125,3249.278076171875,-576.218505859375,5035.283203125,3249.2783203125,483.9526062011719,4998.03369140625,3214.616455078125,-576.2841796875,5000.0048828125,3214.616455078125,483.8606262207031,4948.5849609375,3215.046142578125,-576.3760986328125,4950.55615234375,3215.046142578125,483.7962341308594,4913.92626953125,3250.318115234375,-576.4405517578125,4915.89697265625,3250.318115234375,-554.755859375,5237.5654296875,3261.684814453125,-658.0343017578125,5178.95703125,3248.0390625,-473.1845397949219,4962.39306640625,3003.765380859375,-473.1384582519531,4987.13720703125,3001.2783203125,-576.342041015625,4968.865234375,3009.923583984375,-576.31884765625,4981.30859375,3008.6728515625,3.8475189208984375,5102.2294921875,3271.139404296875,299.33062744140625,5101.68017578125,3271.139404296875,3.8475189208984375,5102.2294921875,3768.40185546875,299.33062744140625,5101.68017578125,3768.40185546875,3.784423828125,5068.28759765625,3271.139404296875,299.267578125,5067.73828125,3271.139404296875,3.784423828125,5068.28759765625,3768.40185546875,299.267578125,5067.73828125,3768.40185546875,3.3255233764648438,4852.13623046875,3271.139404296875,298.80865478515625,4851.5869140625,3271.139404296875,3.3255157470703125,4852.13623046875,3768.40185546875,298.80865478515625,4851.5869140625,3768.40185546875,3.262420654296875,4818.1943359375,3271.139404296875,298.74554443359375,4817.64501953125,3271.139404296875,3.2624130249023438,4818.1943359375,3768.40185546875,298.74554443359375,4817.64501953125,3768.40185546875,380.9582824707031,5092.3046875,3317.9599609375,-472.9400329589844,5093.89208984375,3279.354736328125,380.8277893066406,5022.150390625,3386.8876953125,-473.0704650878906,5023.73779296875,3386.8876953125,380.6449890136719,4923.81787109375,3386.033203125,-473.2532653808594,4925.40478515625,3386.033203125,380.5168151855469,4854.89501953125,3315.891845703125,-473.3813781738281,4856.482421875,3315.891845703125,484.0181579589844,5033.3125,3293.000732421875,-576.218505859375,5035.283203125,3293.00048828125,483.9526062011719,4998.0341796875,3327.662353515625,-576.2841796875,5000.0048828125,3327.662353515625,483.8606262207031,4948.5849609375,3327.232666015625,-576.3760986328125,4950.55615234375,3327.232666015625,483.7962341308594,4913.92626953125,3291.960693359375,-576.4405517578125,4915.89697265625,3291.960693359375,-554.755859375,5237.5654296875,3280.593994140625,-658.0343017578125,5178.95703125,3294.23974609375,-473.1845397949219,4962.39306640625,3538.513427734375,-473.1384582519531,4987.13720703125,3541.00048828125,-576.342041015625,4968.86572265625,3532.355224609375,-576.31884765625,4981.30859375,3533.60595703125,380.9589538574219,5092.7294921875,3271.139404296875,-472.9391784667969,5094.31689453125,3271.139404296875,484.0185241699219,5033.52587890625,3271.139404296875,-576.2181396484375,5035.4970703125,3271.139404296875,-554.7550048828125,5237.990234375,3271.139404296875,-658.033935546875,5179.17041015625,3271.139404296875,380.5176696777344,4855.31982421875,3271.139404296875,-473.3805236816406,4856.9072265625,3271.139404296875,483.7966003417969,4914.1396484375,3271.139404296875,-576.4400634765625,4916.1103515625,3271.139404296875],
    "normals": [-0.5762504935264587,0.5784173011779785,-0.5773491859436035,-0.7057710289955139,0.7083956599235535,0.0,0.7083956599235535,0.7057710289955139,0.0,0.5784173011779785,0.5762504935264587,-0.5773491859436035,-0.5784173011779785,-0.5762504935264587,-0.5773491859436035,0.5762504935264587,-0.5784173011779785,-0.5773491859436035,0.7057710289955139,-0.7083956599235535,0.0,-0.7083956599235535,-0.7057710289955139,0.0,0.25815606117248535,0.9660939574241638,0.0,0.2524796426296234,0.9009369015693665,-0.35285499691963196,0.1741996556520462,0.8023011088371277,-0.5709097385406494,0.5102389454841614,0.8600115776062012,0.0,0.25818657875061035,0.39210182428359985,-0.8829309940338135,0.0789513811469078,0.7546616792678833,-0.6512954831123352,0.25684377551078796,-0.37800225615501404,-0.8894314169883728,0.04535050690174103,-0.7174596190452576,-0.69508957862854,0.2558671832084656,-0.8965117335319519,-0.36158329248428345,-0.25919368863105774,-0.8955656886100769,-0.36158329248428345,0.4981841444969177,0.8670613765716553,0.0,0.5278176069259644,0.7815179824829102,-0.3325296640396118,-0.5928220748901367,0.22702719271183014,-0.772637128829956,-0.7539292573928833,0.2212591916322708,-0.6185186505317688,0.24103519320487976,0.7981200814247131,-0.5521408915519714,0.5258033871650696,-0.3331705629825592,-0.7826166749000549,0.5249488949775696,-0.7894527912139893,-0.3179723620414734,-0.5278786420822144,-0.7874996066093445,-0.3179723620414734,-0.7192296981811523,-0.6014282703399658,-0.34778892993927,0.5269936323165894,0.317484050989151,-0.7883236408233643,-0.6804711818695068,0.6612445712089539,-0.3156529366970062,-0.25901058316230774,-0.965849757194519,0.0,-0.4980315566062927,-0.8671224117279053,0.0,-0.868984043598175,-0.49482712149620056,0.0,-0.9630725979804993,0.269173264503479,0.0,0.5352946519851685,-0.5793328881263733,-0.6146427989006042,-0.651997447013855,-0.5172887444496155,-0.5543076992034912,-0.6429944634437561,0.46528518199920654,-0.6082949042320251,0.52061527967453,0.5189977884292603,-0.6779076457023621,0.2601092457771301,0.965544581413269,0.0,0.49479660391807556,-0.868984043598175,0.0,0.2554094195365906,-0.9668263792991638,0.0,-0.5762504935264587,0.5784173011779785,0.5773491859436035,0.5784173011779785,0.5762504935264587,0.5773491859436035,-0.5784173011779785,-0.5762504935264587,0.5773491859436035,0.5762504935264587,-0.5784173011779785,0.5773491859436035,0.1741996556520462,0.8023011088371277,0.5709097385406494,0.2525101602077484,0.9009369015693665,0.35285499691963196,0.0789513811469078,0.7546616792678833,0.6512954831123352,0.25818657875061035,0.39210182428359985,0.8829309940338135,0.04535050690174103,-0.7174596190452576,0.69508957862854,0.25684377551078796,-0.37800225615501404,0.8894314169883728,-0.25919368863105774,-0.8955656886100769,0.36158329248428345,0.2558671832084656,-0.8965117335319519,0.36158329248428345,0.5278176069259644,0.7815179824829102,0.3324991464614868,-0.5928220748901367,0.22702719271183014,0.772637128829956,0.24103519320487976,0.7980895638465881,0.5521714091300964,-0.7539292573928833,0.2212591916322708,0.6185186505317688,0.5249488949775696,-0.7894527912139893,0.3179723620414734,0.5258033871650696,-0.3331705629825592,0.7826166749000549,-0.7192296981811523,-0.6014282703399658,0.34778892993927,-0.5278786420822144,-0.7874996066093445,0.3179723620414734,0.5269631147384644,0.317484050989151,0.7883236408233643,-0.6804711818695068,0.6612445712089539,0.3156529366970062,0.5352946519851685,-0.5793328881263733,0.6146427989006042,0.52061527967453,0.5189977884292603,0.6779076457023621,-0.6429944634437561,0.46528518199920654,0.6082949042320251,-0.651997447013855,-0.5172887444496155,0.5543076992034912],
    "name": "Cube.007Geometry.4",