{
    "metadata": {
        "version": 3,
        "type": "Geometry",
        "vertices": 35,
        "generator": "io_three",
        "normals": 34,
        "faces": 34
    },
    "vertices": [-1140.1397705078125,50.89508819580078,2130.961181640625,-1167.2308349609375,1449.57958984375,-416.829345703125,304.2365417480469,1151.993896484375,1965.267333984375,-693.0718994140625,1098.2734375,3487.73876953125,82.93199157714844,1498.0106201171875,-262.5989685058594,-2490.961669921875,1375.8455810546875,2646.003173828125,-2226.57763671875,1536.6552734375,1968.4268798828125,-931.7149047851562,761.3712158203125,2874.149658203125,-417.9516296386719,601.4444580078125,2048.1142578125,-819.437255859375,562.9090576171875,3237.168212890625,-1828.0494384765625,206.67510986328125,2463.9794921875,-56.8575553894043,876.7191162109375,2006.690673828125,-528.6038818359375,774.452880859375,934.1809692382812,-1683.3587646484375,793.775146484375,2049.694091796875,-767.3309936523438,740.528076171875,3422.965087890625,-2176.036865234375,561.4151611328125,2634.776611328125,-208.7073974609375,1255.6688232421875,2790.431640625,-1696.904296875,1493.1173095703125,775.798828125,-1951.4039306640625,996.05859375,3159.024658203125,-834.3718872070312,412.6739807128906,1532.571044921875,-1411.7493896484375,422.33514404296875,2090.32763671875,-542.1494140625,1473.795166015625,-339.71417236328125,-1035.92724609375,406.1331787109375,2502.555419921875,-2002.043212890625,384.0451354980469,2549.378173828125,-1330.2679443359375,356.09881591796875,2845.247314453125,-618.6943969726562,582.1768188476562,2642.641357421875,-237.40460205078125,739.0818481445312,2027.402587890625,-793.3841552734375,651.7185668945312,3330.06640625,-1831.566162109375,451.7435607910156,3092.258544921875,-412.0942687988281,808.6236572265625,2714.827880859375,-515.3944091796875,695.4002685546875,2678.734619140625,-1627.7645263671875,176.2801971435547,2924.92578125,-1938.855712890625,1163.1190185546875,3118.7353515625,-680.523681640625,1265.333740234375,3447.449462890625,-2503.510009765625,1208.78515625,2686.292236328125],
    "normals": [0.7338480949401855,-0.5841853022575378,0.34659871459007263,0.729606032371521,0.5142063498497009,0.4507583975791931,0.35898923873901367,-0.06991790235042572,0.9306924343109131,0.3232520520687103,-0.47105318307876587,0.8207037448883057,0.9633472561836243,0.20093387365341187,0.17758721113204956,0.7786492705345154,0.18604083359241486,-0.599230945110321,0.34565263986587524,0.26667073369026184,-0.8996551632881165,0.29728078842163086,0.6452833414077759,0.7036957740783691,-0.3008819818496704,0.21100497245788574,-0.9299905300140381,-0.773552656173706,0.5197607278823853,-0.36252936720848083,-0.7383648157119751,0.5892208814620972,-0.32798242568969727,0.35316020250320435,-0.8695028424263,-0.34522539377212524,-0.7030243873596191,-0.5142368674278259,-0.491195410490036,-0.826044499874115,-0.5619373321533203,-0.04257332161068916,-0.9679250717163086,-0.16238899528980255,0.191595196723938,-0.7771843671798706,0.5845820307731628,0.23282571136951447,-0.33124789595603943,0.6057008504867554,0.7234412431716919,0.01025421917438507,-0.9930112361907959,-0.11743522435426712,-0.669118344783783,-0.4977568984031677,-0.5518051981925964,0.6241340637207031,-0.7809381484985352,0.023194067180156708,0.600207507610321,-0.7989135384559631,0.03805658221244812,0.36176639795303345,-0.8833887577056885,0.29779961705207825,0.3786126375198364,-0.9143650531768799,0.143406480550766,-0.2701803743839264,-0.8812829852104187,-0.3876766264438629,-0.15454572439193726,-0.9265419244766235,0.3428754508495331,-0.599414050579071,-0.7268288135528564,-0.335184782743454,0.43400371074676514,-0.8505813479423523,0.29679250717163086,0.5124362707138062,-0.8414563536643982,0.17117832601070404,0.24237799644470215,-0.9609057903289795,0.13361003994941711,-0.5066072344779968,-0.04040650650858879,0.861201822757721,-0.4777977764606476,-0.5061189532279968,0.7179784774780273,0.6630451083183289,-0.7430646419525146,0.09045685827732086,0.6837671995162964,-0.6873378753662109,0.2448805272579193,0.430738240480423,-0.7406842112541199,0.5155491828918457],
    "name": "Cube.005Geometry.6",
    "faces": [33,29,16,3,14,0,1,2,3,33,16,2,4,21,1,4,5,6,33,33,1,17,6,7,8,9,10,33,19,21,4,12,11,6,5,11,33,13,15,34,6,12,13,14,10,33,5,32,33,6,15,16,7,10,33,0,20,17,1,17,18,9,8,33,0,19,26,8,17,11,19,20,33,0,22,24,10,17,21,22,23,33,31,23,10,24,24,25,23,22,33,22,25,9,7,21,26,27,28,33,18,34,15,28,29,14,13,30,33,2,11,12,4,4,31,11,5,33,20,23,15,13,18,25,13,12,33,30,29,14,27,32,0,3,33,33,25,30,27,9,26,32,33,27,33,8,26,30,25,20,19,32,26,33,26,11,29,30,19,31,0,32,33,0,10,23,20,17,23,25,18,33,3,18,28,14,2,29,30,3,33,0,8,25,22,17,20,26,21,33,27,31,24,9,33,24,22,27,33,14,28,31,27,3,30,24,33,33,28,15,23,31,30,13,25,24,33,9,24,22,7,27,22,21,28,33,11,26,19,12,31,19,11,11,33,6,17,20,13,10,9,18,12,33,0,1,21,19,17,8,6,11,33,33,16,21,1,7,1,6,8,33,11,2,16,29,31,4,1,0,33,33,32,18,3,7,16,29,2,33,32,5,34,18,16,15,14,29,32,34,5,6,14,15,10,32,16,33,3,1,7,2]
}