{
    "metadata": {
        "version": 3,
        "type": "Geometry",
        "vertices": 76,
        "generator": "io_three",
        "normals": 76,
        "faces": 132
    },
    "vertices": [-3386.82177734375,1516.4549560546875,-371.4689025878906,-3156.5751953125,-547.2061767578125,69.88237762451172,-3136.889404296875,3107.2939453125,1468.4337158203125,-3050.982421875,1461.2802734375,-1659.77001953125,-2747.991455078125,-1367.4442138671875,-130.4893798828125,-2968.0986328125,-718.7836303710938,-1033.9105224609375,-2557.062255859375,-623.2064208984375,-1915.318115234375,-2308.893798828125,-397.4105224609375,2285.052490234375,-2513.2265625,-1170.9815673828125,1184.516845703125,346.4261169433594,916.4157104492188,-3365.722412109375,1739.4046630859375,1435.0391845703125,-2967.584228515625,213.09185791015625,-996.8751220703125,-2988.49658203125,-168.56671142578125,-1569.931884765625,-2443.761474609375,-1930.3988037109375,1023.2222290039062,-2892.69140625,-653.8312377929688,910.6876831054688,-3318.7021484375,1088.305419921875,-629.359619140625,-2961.26513671875,2219.62841796875,-597.072021484375,-2211.712158203125,-802.51025390625,-976.7659912109375,-2946.370849609375,-1775.1331787109375,-504.84405517578125,-2712.1845703125,-1876.2579345703125,-1354.52490234375,-2048.74169921875,3295.510009765625,1166.1146240234375,-477.4273681640625,3275.132080078125,940.2861938476562,665.74560546875,2983.021484375,1005.9675903320312,1692.0941162109375,2524.9697265625,906.961181640625,2332.862060546875,2582.953369140625,-1417.173583984375,341.09283447265625,3044.0908203125,1568.44677734375,-1488.738037109375,2603.70166015625,1744.87939453125,-2261.070556640625,3042.836181640625,-902.6100463867188,336.9088134765625,2660.190673828125,-1041.9686279296875,1382.2176513671875,2126.23583984375,-578.7802734375,2414.927734375,2930.284423828125,-587.6534423828125,-1147.88037109375,2555.31298828125,-1438.661376953125,-769.0126953125,750.5924682617188,1628.322021484375,3296.802978515625,-1092.5364990234375,1044.572509765625,3227.10693359375,-1692.537841796875,-93.74150848388672,2953.494384765625,91.02058410644531,-761.855224609375,3074.234375,-42.21487045288086,-1331.6431884765625,2745.017333984375,1597.218505859375,1365.557373046875,3004.803466796875,-1603.0604248046875,953.3048095703125,2859.622314453125,-2518.305419921875,1356.876220703125,2502.485595703125,-1164.6881103515625,-1154.5096435546875,2697.4052734375,-1912.2791748046875,-1099.316650390625,2175.845458984375,1038.280517578125,-515.04052734375,2960.27587890625,1288.8145751953125,-1287.3927001953125,2517.970458984375,27.146100997924805,-1813.9786376953125,257.6058349609375,-723.97802734375,-1750.6124267578125,-108.3621597290039,-1925.9676513671875,-1665.49462890625,-82.1619873046875,-210.7393798828125,-1772.6541748046875,-916.1088256835938,11.884212493896484,-1597.9493408203125,-2037.067138671875,655.6236572265625,-1828.0643310546875,100.3139419555664,1167.1295166015625,-1741.2584228515625,381.3827209472656,2222.06298828125,-1635.90234375,225.6835479736328,-295.4292297363281,-1728.621826171875,1714.4224853515625,-1424.8924560546875,-1685.96337890625,994.2586669921875,-2166.70849609375,-1540.7061767578125,826.2575073242188,-933.614501953125,-1643.3876953125,1431.0467529296875,-2178.31982421875,-1241.92724609375,1473.123291015625,-1677.827392578125,-1544.4117431640625,1798.6038818359375,-1054.7738037109375,-1486.19091796875,2243.106201171875,-963.4757080078125,-1482.17236328125,-2377.861572265625,-1201.8280029296875,-1686.10986328125,-1508.764892578125,-1782.989990234375,-1583.28955078125,-1296.3773193359375,-2463.48388671875,-1470.273193359375,-765.8154907226562,-2265.964599609375,-1397.8184814453125,-1487.6318359375,1330.638916015625,-1736.35888671875,-569.3690795898438,497.00213623046875,-1815.2789306640625,-1120.3944091796875,1458.465576171875,-1606.2176513671875,-1200.780517578125,1458.324462890625,-1513.554931640625,-1986.468017578125,1359.540283203125,-1399.30908203125,-2377.946533203125,2102.22900390625,-1410.690185546875,-1717.361083984375,1086.131591796875,-1682.768310546875,1197.766845703125,566.8134765625,-1599.4266357421875,2349.35693359375,1029.4151611328125,-1570.898681640625,2045.22265625,1561.9154052734375,-1582.7347412109375,1399.0882568359375,2177.14892578125,-1225.8482666015625,1861.730712890625,2139.004638671875,-1502.16650390625,1306.864990234375],